,1. open,2. high,3. low,4. close,5. volume,absolute_range,relative_range_pct
2025-10-20,183.13,185.2,181.73,182.64,128544711.0,3.469999999999999,1.899912395970214
2025-10-21,182.785,182.785,179.8,181.16,124240168.0,2.984999999999985,1.6477147273128645
2025-10-22,181.14,183.44,176.76,180.28,162249552.0,6.680000000000007,3.705347237630357
2025-10-23,180.42,183.03,179.7901,182.16,111363718.0,3.2399000000000058,1.7786012296881895
2025-10-24,183.835,187.47,183.5,186.26,131296677.0,3.969999999999999,2.1314291850102003
2025-10-27,189.99,192.0,188.4318,191.49,153452704.0,3.5681999999999903,1.8633871220429212
2025-10-28,193.05,203.15,191.91,201.03,297986180.0,11.240000000000009,5.591205292742382
2025-10-29,207.98,212.1899,204.775,207.04,308829564.0,7.414899999999989,3.581385239567228
2025-10-30,205.15,206.16,201.41,202.89,178864443.0,4.75,2.34117009216817
2025-10-31,206.45,207.97,202.07,202.49,179802178.0,5.900000000000006,2.9137241345251645
2025-11-03,208.08,211.335,205.56,206.88,180267285.0,5.775000000000006,2.791473317865432
2025-11-04,203.0,203.9699,197.93,198.69,188919320.0,6.039899999999989,3.0398610901404144
2025-11-05,198.77,202.92,194.65,195.21,166849081.0,8.269999999999982,4.236463295937699
2025-11-06,196.42,197.62,186.38,188.08,223029778.0,11.240000000000009,5.9761803487877545
2025-11-07,184.9,188.32,178.91,188.15,264942255.0,9.409999999999997,5.001328727079455
2025-11-10,195.11,199.94,193.79,199.05,198897134.0,6.150000000000006,3.0896759608138686
2025-11-11,195.155,195.42,191.3,193.16,176483327.0,4.119999999999976,2.1329467798715966
2025-11-12,195.72,195.89,191.13,193.8,154935263.0,4.759999999999991,2.456140350877188
2025-11-13,191.05,191.44,183.85,186.86,207423074.0,7.590000000000003,4.061864497484749
2025-11-14,182.86,191.01,180.58,190.17,186591856.0,10.429999999999978,5.484566440553178
2025-11-17,185.965,189.0,184.32,186.6,173628858.0,4.680000000000007,2.508038585209007
2025-11-18,183.375,184.8,179.65,181.36,213598877.0,5.150000000000006,2.8396559329510396
2025-11-19,184.79,187.855,182.8301,186.52,247246436.0,5.024900000000002,2.6940274501393966
2025-11-20,195.95,196.0,179.85,180.64,343504849.0,16.150000000000006,8.940434012400358
2025-11-21,181.235,184.56,172.93,178.88,346926153.0,11.629999999999995,6.501565295169944
2025-11-24,179.49,183.5,176.48,182.55,256618335.0,7.02000000000001,3.8455217748562096
2025-11-25,174.91,178.16,169.55,177.82,320600271.0,8.609999999999985,4.841975030930145
2025-11-26,181.63,182.91,178.24,180.26,183852010.0,4.6699999999999875,2.5907023188727325
2025-11-28,179.01,179.29,176.5,177.0,121332776.0,2.789999999999992,1.5762711864406735
2025-12-01,174.76,180.3,173.68,179.92,188130955.0,6.6200000000000045,3.6794130724766587
2025-12-02,181.76,185.66,180.0,181.46,182632230.0,5.659999999999997,3.119144715088723
2025-12-03,181.08,182.45,179.1101,179.59,165138023.0,3.3399,1.859736065482488
2025-12-04,181.62,184.515,179.96,183.38,167364857.0,4.554999999999978,2.4839131857345285
2025-12-05,183.89,184.66,180.91,182.41,143971098.0,3.75,2.0558083438407984
2025-12-08,182.64,188.0,182.4,185.55,191927261.0,5.599999999999994,3.0180544327674452
2025-12-09,185.56,185.7167,183.32,184.97,142372621.0,2.39670000000001,1.2957236308590636
2025-12-10,184.965,185.48,182.035,183.78,162785370.0,3.444999999999993,1.8745238872564987
2025-12-11,180.275,181.32,176.62,180.93,182136641.0,4.699999999999989,2.597689714254125
2025-12-12,181.11,182.82,174.62,175.02,204274918.0,8.199999999999989,4.68517883670437
2025-12-15,177.936,178.415,175.03,176.29,164775636.0,3.384999999999991,1.9201316013386982
2025-12-16,176.26,178.49,174.9,177.72,148588098.0,3.5900000000000034,2.02003151024083
2025-12-17,176.1,176.13,170.31,170.94,222775464.0,5.819999999999993,3.4047034047034006
2025-12-18,174.53,176.15,171.82,174.14,176096001.0,4.3300000000000125,2.4865051108303735
2025-12-19,176.665,181.45,176.34,180.99,324925927.0,5.109999999999985,2.823360406652293
2025-12-22,183.92,184.16,182.35,183.69,129064369.0,1.8100000000000023,0.9853557624258275
2025-12-23,182.97,189.33,182.9,189.21,174873621.0,6.430000000000007,3.3983404682627802
2025-12-24,187.94,188.91,186.59,188.61,65528545.0,2.319999999999993,1.2300514288743931
2025-12-26,189.92,192.69,188.0,190.53,139740292.0,4.689999999999998,2.4615546108224415
2025-12-29,187.71,188.755,185.91,188.22,120006103.0,2.844999999999999,1.5115290617362653
2025-12-30,188.24,188.99,186.93,187.54,97687274.0,2.0600000000000023,1.0984323344353217
2025-12-31,189.57,190.56,186.49,186.5,120100484.0,4.069999999999993,2.182305630026806
2026-01-02,189.835,192.9299,188.26,188.85,148240462.0,4.669900000000013,2.4728091077574863
2026-01-05,191.76,193.63,186.15,188.12,183529733.0,7.47999999999999,3.9761854135658035
2026-01-06,190.52,192.174,186.82,187.24,176862604.0,5.354000000000013,2.859431745353564
2026-01-07,188.57,191.37,186.56,189.11,153543174.0,4.810000000000002,2.5434932050129566
2026-01-08,189.11,189.55,183.71,185.04,172457048.0,5.840000000000003,3.1560743623000453
2026-01-09,185.08,186.34,183.6701,184.86,131327534.0,2.6699000000000126,1.4442821594720396
2026-01-12,183.22,187.12,183.02,184.94,137968453.0,4.099999999999994,2.216935222234235
2026-01-13,184.995,188.1099,183.4,185.81,160128939.0,4.709900000000005,2.534793606372103
2026-01-14,184.32,184.46,180.8,183.14,159586135.0,3.6599999999999966,1.998471114993992
2026-01-15,186.5,189.7,186.33,187.05,206188642.0,3.369999999999976,1.8016573108794312
2026-01-16,189.075,190.44,186.08,186.23,187967169.0,4.359999999999985,2.341191000375871
2026-01-20,181.9,182.3786,177.61,178.07,218355781.0,4.768599999999992,2.6779356432863435
2026-01-21,179.05,185.379,178.4,183.32,200380959.0,6.978999999999985,3.807004145756047
2026-01-22,184.75,186.17,183.93,184.84,139636626.0,2.2399999999999807,1.2118589049989075
2026-01-23,187.5,189.6,186.8233,187.67,142748076.0,2.7767000000000053,1.4795651942239065
2026-01-26,187.16,189.12,185.99,186.47,124799649.0,3.1299999999999955,1.6785541910226822
2026-01-27,187.24,190.0,185.7,188.52,138432307.0,4.300000000000011,2.2809251007850686
2026-01-28,191.27,192.35,189.84,191.52,148552677.0,2.509999999999991,1.3105680868838716
2026-01-29,191.34,193.48,186.06,192.51,171764375.0,7.4199999999999875,3.854345228819276
2026-01-30,191.21,194.49,189.47,191.13,179489463.0,5.02000000000001,2.626484591639204
2026-02-02,187.2,190.3,184.88,185.61,165794054.0,5.420000000000016,2.920101287646148
2026-02-03,186.24,186.27,176.23,180.34,202006430.0,10.04000000000002,5.567261838749041
2026-02-04,179.46,179.58,171.91,174.19,207014116.0,7.670000000000016,4.403237843733863
2026-02-05,174.925,176.815,171.03,171.88,206312890.0,5.784999999999997,3.3657202699557813
2026-02-06,176.69,187.0,174.6,185.41,231346241.0,12.400000000000006,6.68788091257214
2026-02-09,184.26,193.66,183.95,190.04,196387351.0,9.710000000000008,5.109450641970116
2026-02-10,191.38,192.48,188.12,188.54,136764825.0,4.359999999999985,2.312506629892853
2026-02-11,192.45,193.26,188.77,190.05,144192685.0,4.489999999999981,2.3625361746908604
2026-02-12,193.03,193.61,186.51,186.94,189932491.0,7.100000000000023,3.7980100567026978
2026-02-13,187.475,187.5,181.59,182.81,161888021.0,5.909999999999997,3.2328647229363803
2026-02-17,181.75,187.15,179.18,184.97,162276860.0,7.969999999999999,4.308806833540574
2026-02-18,188.75,190.37,186.76,187.98,164749125.0,3.6100000000000136,1.9204170656452888
2026-02-19,187.055,188.43,185.66,187.9,126554526.0,2.7700000000000102,1.4741883980840926
2026-02-20,186.57,190.33,185.9378,189.82,178422337.0,4.3922000000000025,2.3138763038668224
2026-02-23,191.4,193.95,189.575,191.55,171584839.0,4.375,2.2839989558861915
2026-02-24,191.49,193.77,187.4,192.85,175123602.0,6.3700000000000045,3.3030852994555375
2026-02-25,194.45,197.6299,193.79,195.56,250637102.0,3.8399,1.9635406013499692
2026-02-26,194.27,194.29,184.315,184.89,360807907.0,9.974999999999994,5.395099789063765
2026-02-27,181.25,182.59,176.38,177.19,311636494.0,6.210000000000008,3.5047124555561875
2026-03-02,175.01,183.46,174.64,182.48,209095331.0,8.820000000000022,4.833406400701459
2026-03-03,178.49,180.9,176.92,180.05,178099430.0,3.980000000000018,2.2104970841433036
2026-03-04,180.44,184.7,180.06,183.04,177731198.0,4.639999999999986,2.5349650349650275
2026-03-05,181.17,184.06,177.88,183.34,198779729.0,6.180000000000007,3.370786516853936
2026-03-06,179.84,182.7561,176.8201,177.82,189021949.0,5.936000000000007,3.3382071757957528
2026-03-09,176.83,182.91,175.56,182.65,177213588.0,7.349999999999994,4.024089789214341
2026-03-10,182.4,186.44,182.01,184.77,179118528.0,4.430000000000007,2.3975753639660153
2026-03-11,185.91,187.62,184.45,186.03,145280386.0,3.170000000000016,1.7040262323281277
2026-03-12,184.05,184.94,181.75,183.14,155762663.0,3.1899999999999977,1.7418368461286435
2026-03-13,184.92,186.09,179.94,180.25,160988424.0,6.150000000000006,3.411927877947299
